STL文件,建议数量,用途,X尺寸mm,Y尺寸mm,Z尺寸mm,来源
01_V3_USB优化版/03_相机快装板_中心1-4英寸螺丝.stl,1,相机板二选一,38.0,70.0,9.0,output_v3_usb/camera_plate.stl
01_V3_USB优化版/04_相机快装板_中心螺丝及四角固定件.stl,1,相机板二选一；立边与板一体成型,38.0,70.0,58.0,output_v3_usb/camera_plate_four_screw.stl
01_V3_USB优化版/试装件/02_燕尾母件_单侧间隙0.15mm.stl,1,可选间隙试装件,50.0,18.0,7.2,output_v3_usb/fit_coupon_gap_0.15.stl
01_V3_USB优化版/试装件/03_燕尾母件_单侧间隙0.25mm.stl,1,可选间隙试装件,50.0,18.0,7.2,output_v3_usb/fit_coupon_gap_0.25.stl
01_V3_USB优化版/试装件/04_燕尾母件_单侧间隙0.35mm.stl,1,可选间隙试装件,50.0,18.0,7.2,output_v3_usb/fit_coupon_gap_0.35.stl
01_V3_USB优化版/试装件/01_燕尾公件.stl,1,可选间隙试装件,40.0,18.0,5.0,output_v3_usb/fit_coupon_male.stl
01_V3_USB优化版/01_摩擦快拆底座_一体热铆柱.stl,1,底座二选一,44.0,80.15,22.7,output_v3_usb/receiver_heat_stake.stl
01_V3_USB优化版/02_摩擦快拆底座_M2螺丝固定.stl,1,底座二选一,44.0,80.15,19.3,output_v3_usb/receiver_M2_bolt.stl
01_V3_USB优化版/05_独立侧向热铆销_单颗_打印2颗.stl,2,加强版和USB版侧向两孔固定,5.5,5.5,11.0,output_v3_usb/side_heat_rivet_print_2.stl
02_V2_原位置加强版/03_相机快装板_中心1-4英寸螺丝.stl,1,相机板二选一,38.0,70.0,9.0,output_v2_reinforced/camera_plate.stl
02_V2_原位置加强版/04_相机快装板_中心螺丝及四角固定件.stl,1,相机板二选一；立边与板一体成型,38.0,70.0,58.0,output_v2_reinforced/camera_plate_four_screw.stl
02_V2_原位置加强版/试装件/02_燕尾母件_单侧间隙0.15mm.stl,1,可选间隙试装件,50.0,18.0,7.2,output_v2_reinforced/fit_coupon_gap_0.15.stl
02_V2_原位置加强版/试装件/03_燕尾母件_单侧间隙0.25mm.stl,1,可选间隙试装件,50.0,18.0,7.2,output_v2_reinforced/fit_coupon_gap_0.25.stl
02_V2_原位置加强版/试装件/04_燕尾母件_单侧间隙0.35mm.stl,1,可选间隙试装件,50.0,18.0,7.2,output_v2_reinforced/fit_coupon_gap_0.35.stl
02_V2_原位置加强版/试装件/01_燕尾公件.stl,1,可选间隙试装件,40.0,18.0,5.0,output_v2_reinforced/fit_coupon_male.stl
02_V2_原位置加强版/01_摩擦快拆底座_一体热铆柱.stl,1,底座二选一,44.0,73.0,17.7,output_v2_reinforced/receiver_heat_stake.stl
02_V2_原位置加强版/02_摩擦快拆底座_M2螺丝固定.stl,1,底座二选一,44.0,73.0,14.3,output_v2_reinforced/receiver_M2_bolt.stl
02_V2_原位置加强版/05_独立侧向热铆销_单颗_打印2颗.stl,2,加强版和USB版侧向两孔固定,5.5,5.5,11.0,output_v2_reinforced/side_heat_rivet_print_2.stl
03_V2_原版/03_相机快装板_中心1-4英寸螺丝.stl,1,相机板二选一,38.0,70.0,9.0,output_v2/camera_plate.stl
03_V2_原版/04_相机快装板_中心螺丝及四角固定件.stl,1,相机板二选一；立边与板一体成型,38.0,70.0,58.0,output_v2/camera_plate_four_screw.stl
03_V2_原版/试装件/02_燕尾母件_单侧间隙0.15mm.stl,1,可选间隙试装件,50.0,18.0,7.2,output_v2/fit_coupon_gap_0.15.stl
03_V2_原版/试装件/03_燕尾母件_单侧间隙0.25mm.stl,1,可选间隙试装件,50.0,18.0,7.2,output_v2/fit_coupon_gap_0.25.stl
03_V2_原版/试装件/04_燕尾母件_单侧间隙0.35mm.stl,1,可选间隙试装件,50.0,18.0,7.2,output_v2/fit_coupon_gap_0.35.stl
03_V2_原版/试装件/01_燕尾公件.stl,1,可选间隙试装件,40.0,18.0,5.0,output_v2/fit_coupon_male.stl
03_V2_原版/01_摩擦快拆底座_一体热铆柱.stl,1,底座二选一,44.0,56.0,16.7,output_v2/receiver_heat_stake.stl
03_V2_原版/02_摩擦快拆底座_M2螺丝固定.stl,1,底座二选一,44.0,56.0,14.3,output_v2/receiver_M2_bolt.stl
04_V1_历史方向试作_未采用/03_相机快装板_中心1-4英寸螺丝.stl,1,相机板二选一,70.0,38.0,9.0,output_v1/camera_plate.stl
04_V1_历史方向试作_未采用/04_相机快装板_中心螺丝及四角固定件.stl,1,相机板二选一；立边与板一体成型,70.0,38.0,58.0,output_v1/camera_plate_four_screw.stl
04_V1_历史方向试作_未采用/试装件/02_燕尾母件_单侧间隙0.15mm.stl,1,可选间隙试装件,50.0,18.0,7.2,output_v1/fit_coupon_gap_0.15.stl
04_V1_历史方向试作_未采用/试装件/03_燕尾母件_单侧间隙0.25mm.stl,1,可选间隙试装件,50.0,18.0,7.2,output_v1/fit_coupon_gap_0.25.stl
04_V1_历史方向试作_未采用/试装件/04_燕尾母件_单侧间隙0.35mm.stl,1,可选间隙试装件,50.0,18.0,7.2,output_v1/fit_coupon_gap_0.35.stl
04_V1_历史方向试作_未采用/试装件/01_燕尾公件.stl,1,可选间隙试装件,40.0,18.0,5.0,output_v1/fit_coupon_male.stl
04_V1_历史方向试作_未采用/01_摩擦快拆底座_一体热铆柱.stl,1,底座二选一,56.0,44.0,13.7,output_v1/receiver_heat_stake.stl
04_V1_历史方向试作_未采用/02_摩擦快拆底座_M2螺丝固定.stl,1,底座二选一,56.0,44.0,11.3,output_v1/receiver_M2_bolt.stl
